id	title
p1	Mothers' use of emotion words to their 15- to 18- month old children.
p2	Influencing Categorical Choices through Physical Object Interaction
p3	Conceptual Expansion During Divergent Thinking
p4	Shifting meanings: The fluidity of signal-meaning mappings in a minimal communicative task
p5	Statistical learning creates novel object associations via transitive relations
p6	Unsupervised learning of VerbNet argument structure
p7	Asymmetric derivational priming in recognition of Greek nouns and verbs
p8	Implicit versus explicit language learning: Differential effects of working memory and learning styles
p9	Sub-Categorical Properties of Stimuli Determine the Category-Order Effect
p10	Item Learning vs. High-Level Categorization in Consistent-Mapping Memory Search
p11	Choice adaptation to increasing and decreasing event probabilities
p12	Ambiguity and Representational Stability: What is the role of embodied experiences?
p13	Are Financial Advisors Money Doctors or Charlatans? Evidence on Trust, Advice, and Risk Taking in Delegated Asset Management
p14	Spatial Meaning is Retained in Emotion Metaphors: Some Evidence from Spanish
p15	The Neurorobotics Platform of the Human Brain Project
p16	Feature distinctiveness in verbs: links between verb distinctiveness, child directed speech and age of acquisition
p17	The role of emotional mediation in musical and vocal sound-color correspondence
p18	Moral language in the Basel Accords: A quantitative analysis
p19	Stereotype-Based Intuitions: A Psycholinguistic Approach to Experimental Philosophy's Sources Project'
p20	A Cognitively Realistic Model of Decision Making in Ocean Ecology
p21	Geometric representations of evidence in models of decision-making
p22	A connectionist model for automatic generation of child-adult interaction patterns
p23	Modeling N400 amplitude using vector space models of word representation
p24	Instance-based Learning in Multi-cue Diagnosis
p25	Rapid acquisition of novel information:<span style="mso-spacerun:yes"> </span>Is disjunctive syllogism necessary for fast mapping?
p26	Investigating the Effects of Transparency and Ambiguity on Idiom Learning
p27	Data Shows Human Behavior is Not Random, period.
p28	Taking the Easy Way Out: Effects of Feedback on Children's Metacognitive Control
p29	Numeric Competencies and Anchoring Biases
p30	Structural Alignment in Incidental Word Learning
p31	Information Search with Depleting and Non-Depleting Resources
p32	Do peer interactions influence infant communication development?
p33	Simple Search Algorithms on Semantic Networks Learned from Language Use
p34	Questions in informal teaching: A study of mother-child conversations
p35	Metaphor &amp; Emotion: Metaphorical Frames for Coping with Hardship
p36	Determining the alternatives for scalar implicature
p37	Spatializing emotion: A mapping of valence or magnitude?
p38	A Recurrent Network Approach to Modeling Linguistic Interaction
p39	Know Your Adversary: Insights for a Better Adversarial Behavioral Model
p40	Toward a Simulation Platform for Comparing Computational Cognitive Neuroscience Models
p41	Knowledge and use of price distributions by populations and individuals
p42	Children's understanding of effort and time
p43	Analyzing experimental paradigms under modification on web-based experiment platforms
p44	The Effects of Discourse Cues on Garden Path Processing
p45	Exploring Individual Differences in Preschooler's Causal Reasoning Skills in the Physical and Digital Domains
p46	Temporal Structure Modulates ERP Correlates of Visual Sequential Learning
p47	From computation to automization: How practice alters initial neural response to familiar arithmetic problems
p48	The role of regional topography in route planning
p49	Information Acquisition: Stopping Rules For Varying Levels of Probabilities and Consequences
p50	Hidden Markov Modeling of eye movements with image information leads to better discovery of regions of interest
p51	A Learned Label Modulates Object Representations in 10-Month-Old Infants
p52	A neurocomputational model of the effect of learned labels on infants' object representations
p53	Modeling language discrimination in infants using i-vector representations
p54	A Developmental Shift in the Relationship Between Sequential Learning, Executive Function, and Language Ability as Revealed by Event-Related Potentials
p55	An explicit theory of sortal representation and some evidence for it.
p56	Recursion in Nicaraguan Sign Language
p57	A Computational Exploration of Problem-Solving Strategies and Gaze Behaviors on the Block Design Task
p58	Dynamics of Strategy Adaptation in a Temporally Extended Monty Hall Dilemma
p59	Similarity-Based Reasoning is Shaped by Recent Learning Experience
p60	Semantic Contamination of Visual Similarity Judgments
p61	Memory for the Meaningless: Experts' Advantage at Recalling Unstructured Material
p62	Explaining December 4, 2015: Cognitive Science Ripped from the Headlines
p63	A computational theory of temporal inference
p64	Language does not explain the wine-specific memory advantage of wine experts
p65	Concept Membership vs Typicality in Sentence Verification Tasks
p66	Grammatical gender affects odor cognition
p67	Causal Reasoning in Infants and Adults: Revisiting backwards-blocking
p68	Ideal Composition of a Group for Maximal Knowledge Building in Crowdsourced Environments
p69	Under Pressure: How Time-Limited Cognition Explains Statistical Learning by 8-Month Old Infants
p70	Memory for the Random: A Simulation of Computer Program Recall
p71	Trump supported it?! A Bayesian source credibility model applied to appeals to specific American presidential candidates' opinions
p72	Collaborative Story Construction and Telling for Second Language Learning
p73	Infants' speech and gesture production in Mozambique and the Netherlands
p74	Influence of Need for Cognition and Cognitive Closure on Magic Perceptions
p75	ADHD modulates link between event processing and recall
p76	A Perception-Based Threshold for Bidirectional Texture Functions
p77	The Primary and Convergent Retrieval Model of Recall
p78	Modeling adaptation to a novel accent
p79	Where Should Researchers Look for Strategy Discoveries during the Acquisition of Complex Task Performance? The Case of Space Fortress
p80	Effects of categorization on item memory and forgetting
p81	The effect of "mood": Group-based collaborative problem solving by taking different perspectives
p82	Our morals really depends on our language: The foreign language effect within participants
p83	The Charon Model of Moral Judgment
p84	Is it a nine, or a six? Prosocial and selective perspective taking in four-year-olds
p85	The Illusion of Explanatory Depth in a Misunderstood Field: The IOED in Mental Disorders
p86	Semantic, Lexical, and Geographic Cues in Recall Processes
p87	Can Distributional Fitting of Short Semantic Fluency Results Predict ADHD?
p88	Language influences attention to Japanese event components in native English-speaking<span style="mso-spacerun:yes"> </span>21- to 24-month-olds
p89	A Preliminary Model of Situation Awareness in a Cognitive Architecture.
p90	Which Statistic Matters? Effects of Category Size and Distribution on Statistical Category Learning
p91	Cognitive Predictors of Timed and Untimed Early Arithmetic Performance
p92	Using Prior Data to Inform Model Parameters in the Predictive Performance Equation
p93	Feedback Markers in Mandarin: Tracking Cognitive Status in Conversation
p94	The Semantic Stroop Effect: An Ex-Gaussian Analysis
p95	Increasing preschoolers' awareness of lexical ignorance to encourage word-learning
p96	Preferring the Mighty to the Meek:<span style="mso-spacerun:yes"> </span>Toddlers prefer Superior to Subordinate Individuals.
p97	Informant effort expenditure impacts young children's learning, eye gaze, and trust
p98	No stereotype threat effect in international chess
p99	Exploring the Use of Conversations with Virtual Agents in Assessment Contexts
p100	Causality, Normality, and Sampling Propensity
p101	Does Contrast or Comparison Help More?<span style="mso-spacerun:yes"> </span>The Role of Learning Mode and Category Type
p102	Optimal Predictions in Illness Cognition
p103	Visual constraints modulate stereotypical predictability of agents during situated language comprehension
p104	Attentive and Pre-Attentive Processes in Multiple Object Tracking:<span style="mso-spacerun:yes"> </span>A Computational Investigation
p105	Trust, Communication, and Inequality
p106	From embodied metaphors to metaphoric gestures
p107	Blink durations reflect mind wandering during reading
p108	The effect of disfluency on mind wandering during text comprehension
p109	An Analysis of Frame Semantics of Continuous Processes
p110	Comparing predictions of lexical norm data obtained using word associations and word collocation
p111	Viewing time affects overspecification: Evidence for two strategies of attribute selection during reference production
p112	Disfluency production in speech and gesture
p113	Motor cortex excitability during processing of handwritten and typed non-action-related text
p114	The Effect of Book Design on Beginning Readers' Attention Allocation
p115	Individual Differences in Pupil Dilation during Naming Task
p116	Metaphor and Memory:<span style="mso-spacerun:yes"> </span>How Metaphors Instantiate Schemas in and Influence Memory of Narrative
p117	A rational speech-act model of projective content
p118	What Makes You Feel You Are Learning: Cues to Self-Regulated Learning
p119	Noticing causal properties of objects from sequence statistics
p120	Metaphorical Color Representations of Emotional Concepts in English and Chinese Speakers
p121	How the Physicality of Space Affects How We Think about Time
p122	Building bilingual semantic representations based on a corpus-based statistical learning algorithm
p123	The role of word-word co-occurrence in word learning
p124	Investigating Semantic Conflict between General Knowledge and Novel Information in Real-Time Sentence Processing
p125	Longitudinal L2 Development of the English Article in Individual Learners
p126	Consistency and credibility in legal reasoning: A Bayesian network approach
p127	Effects of the Plausibility of the Retracting Information on Memory Updating
p128	Translating testimonial claims into evidence for category-based induction
p129	Reduced benefit from regularities in language among Dyslexics
p130	The Combinatorial Power of Experience
p131	Can a Bayes' Net approach capture intuitive use of sequential testimonies in a legal reasoning paradigm?
p132	How Different Frames of Reference Interact:<span style="mso-spacerun:yes"> </span>A Neural Network Model
p133	Inferring Generic Meaning From Pragmatic Reference Failure
p134	Tangible models and haptic representations aid learning of molecular biology concepts
p135	Mental representations and processing of radical expressions
p136	Can Monaural Auditory Displays Convey Directional Information to Users?
p137	Improving Visual Memory with Auditory Input
p138	Intentionality and the Role of Labels in Categorization
p139	Relational discovery in category learning: interactions of learning strategy and task structure
p140	Plasticity of Categorization: Developmental Differences in Category Learning and Transfer between Children and Adults
p141	Learning Hierarchical Labels through Cross-situational Learning
p142	An Eye For Figurative Meaning: The Effects of Familiarity on Metaphor Comprehension
p143	A Twist On Event Processing: Reorganizing Attention To Cope With Novelty In Dynamic Activity Sequences
p144	Design from Zeroth Principles
p145	Exploring the Cognitive and Social Profile of Science Rejection
p146	Cognitive Sciences Strategies for Futures Studies (Foresight)
p147	Interaction of Instructional Material Order and Subgoal Labels on Learning in Programming
p148	Essays about service-learning events can be mined for program assessment
p149	Assessing Science Inquiry using MDP Goal Detectors
p150	Mechanisms for storing and accessing event representations in episodic memory, and their expression in language: a neural network model
p151	Lasting Political Attitude Change Induced by False Feedback About Own Survey Responses
p152	Using analogical comparison to help children learn the day-night cycle
p153	Representation: Problems and Solutions
p154	Memory biases in matching and recall: Evidence from initial consonant clusters
p155	Gender Differences in the Effect of Impatience on Men and Women's Timing Decisions
p156	A Robust Implementation of Episodic Memory for a Cognitive Architecture
p157	Children's Use of Orthographic Cues in Language Processing
p158	Information Processing during Intertemporal Choice: An Investigation using Eye Movement Data
p159	Analytical Thinking Predicts Less Teleological Reasoning and Religious Belief
p160	Using eye tracking data to compare models of numerical estimation
p161	A Cognitive Model of Fraction Arithmetic
p162	Verbs of Explanandum seem Crucial in Evaluating Explanations
p163	A Unified Framework for Bounded and Unbounded Numerical Estimation
p164	Biases and Benefits of Number Lines and Pie Charts in Proportion Representation
p165	Causal Contrasts Promote Algebra Problem Solving
p166	Factors Influencing Categorization Strategy in Visual Category Learning
p167	Unlikely Outcomes' Might Never Occur, But What About<span style="mso-spacerun:yes"> </span>Unlikely (20% Chance)' Outcomes?
p168	Kindergarteners and adults learn fraction-rules in a categorization task
p169	Solution of division by access to multiplication: Evidence from eye tracking
p170	Why Sense-Making through Magnitude May Be Harder for Fractions than for Whole Numbers
p171	The effect of language impairment on non-symbolic exact quantity representation
p172	Social Cues Modulate Cognitive Status of Discourse Referents
p173	The Variable Relationship Between On-Task Behavior and Learning
p174	When High WMC Promotes Mental Set: A Model of the Water Jar Task
p175	Mind reading: Discovering individual preferences from eye movements using switching hidden Markov models
p176	This problem has no solution: when closing one of two doors results in failure to access any.
p177	On Measuring the Difficulty of Scrabble-like Problems
p178	Developmental deficit in autobiographical episodic memory: Evidence from Williams syndrome
p179	Linear separability and human category learning: Revisiting a classic study
p180	Electrophysiological markers indicate disturbance of involuntary attention, but not voluntary attention, in adult ADHD patients
p181	An interactive model accounts for both ultra-rapid superordinate classification and basic-level advantage in object recognition
p182	Mind Wandering during Film Comprehension: The Role of Prior Knowledge and Situational Interest
p183	Embodiment Effects in Evolutionary Robotics
p184	Racial Essentialism is Associated With Prejudice Towards Blacks in 5- and 6-Year-Old White Children
p185	Referential choice in identification and route directions
p186	Adults' drawing and recognition of familiar objects and substances: Nonsolids are hard to identify
p187	The Development of Intuitions about the Controllability of Thoughts, Emotions, and Behavior
p188	Learning and making novel predictions about others' preferences
p189	Gibson's Reasons for Realism and Gibsonian Reasons for Anti-Realism: An Ecological Approach to Model-Based Reasoning in Science
p190	Differentiating between Encoding and Processing during Sequential Diagnostic Reasoning: An Eye tracking study.
p191	Using Nature Language Processing to Improve Optical Character Recognition
p192	Document Cohesion Flow: Striving towards Coherence
p193	Motion Capture of Phase Change Transitions During Insight Problem Solving
p194	Modeling the Contribution of Central Versus Peripheral Vision in Scene, Object, and Face Recognition
p195	Predictable stimulus onsets improve memory
p196	Investigating the Effect of Experience on Concrete and Abstract Word Processing
p197	The influence of temporal order on the recognition of causal relations
p198	Modular versus Integrated Causal Learning
p199	Analytic Eye Movement Patterns in Face Recognition are Associated with Better Performance and more Top-down Control of Visual Attention: an fMRI Study
p200	The Aging Lexicon: Differences in the Semantic Networks of Younger and Older Adults
p201	Your Obstacle on My Mind: Task Co-representation in Coordination is Modulated by External Timing Cues
p202	Modeling the Influence of Knowledge on Recognition: Connecting visual recognition behavior across development to PDP computational models of semantic knowledge
p203	Establish Trust and Express Attitude for a Non-Humanoid Robot
p204	Network Analysis of Characters' Relationship in "Chronicle of Death foretold" using Graph Theory
p205	Decision contamination in the wild:<span style="mso-spacerun:yes"> </span>Sequential dependencies in Yelp review ratings
p206	Integrating physical reasoning and visual object recognition for fully occluded scene interpretation
p207	Are we ON the same page? Monolingual and bilingual acquisition of familiar and novel relational language
p208	Monolinguals' and Bilinguals' Use of Language in Forming Novel Object Categories
p209	Context-dependent Processes and Engagement in Reading Literature
p210	The Impact of Interactivity on Simulation-Based Science Inquiry with Variable-Setting Controls
p211	The presence of meaning constrains productive language processes: A test of the language game hypothesis in type writing.
p212	Music Reading Expertise Modulates Visual Spans in both Music Note and English Letter Reading
p213	Measuring Cognitive Skills through Conversation-Based Assessment
p214	Making invisible "trouble" visible: Self-repair increases abstraction of referring expressions
p215	Visual Statistical Learning Deficits in Children with Developmental Dyslexia:<span style="mso-spacerun:yes"> </span>an Event Related Potential Study
p216	Benefits for Grounded Feedback over Correctness in a Fraction Addition Tutor
p217	Hindsight Bias in Wikipedia
p218	An Empirical Evaluation of Models for How People Learn Cue Search Orders
p219	Fuse to be used: A weak cue's guide to attracting attention
p220	The sequence of study changes what is encoded during category learning.
p221	Social Affordance Tracking over Time - A Sensorimotor Account of False-Belief Tasks
p222	Imagining activities: The role of perspective and grammatical aspect
p223	Modeling Commonsense Reasoning via Analogical Chaining: A Preliminary Report
p224	Comparing competing views of analogy making using eye-tracking technology
p225	Analogical Generalization and Retrieval for Denominal Verb Interpretation
p226	The Effects of Grammatical Aspect and Visual Perspective on Imaginging Accomplishments
p227	Single-kernel models of single-voxel visual selectivities in convolution neural networks
p228	The Relationship Between Mental-state Language and False-belief Understanding in Adulthood
p229	Concept of a Deity: Structure and Properties
p230	Causal Action: A Fundamental Constraint on Perception of Bodily Movements
p231	The face-space duality hypothesis: a computational model
p232	Causal Learning With Continuous Variables Over Time
p233	The Emergence of Linguistic Consciousness and the "hard problem"
p234	Temporal Causal Strength Learning with Multiple Causes
p235	Sentire Decision Making in a Mixed-Motive Game
p236	Causal perception is constrained by principles of Newtonian mechanics
p237	Towards a Pre-Newtonian Intuitive Physics of Object Collisions
p238	Syntax Accommodation in Social Media Conversations
p239	Pragmatic relativity: Gender and context affect the use of personal pronouns in discourse differentially across languages
p240	A Deep Siamese Neural Network Learns the Human-Perceived Similarity Structure of Facial Expressions Without Explicit Categories
p241	Language Informativity: Is starfish more of a fish in English than in Dutch?
p242	Measuring the Causal Dynamics of Facial Interaction with Convergent Cross Mapping
p243	Selecting Explanations from Causal Chains: Transitivity Intuitions Require Exportable Mechanisms
p244	Modelling the co-development of word learning and perspective-taking
p245	Inferring actions, intentions, and causal relations in a neural network
p246	Evaluating Causal Hypotheses: The Curious Case of Correlated Cues
p247	Linguistic niches emerge from pressures at multiple timescales
p248	Multimodal Dynamics of Explaining the Mechanisms of Global Warming
p249	Consequences of bilingualism for perceptions of categories and similarity
p250	Understanding human facial attractiveness from multiple views
p251	Reciprocal altruism in preschool-aged children
p252	Learning How To Throw Darts: The Effect Of Modeling Type And Reflection On Dart-Throwing Skills
p253	Technological Shaping of Verbal Working Memory: A Difference between Chinese Phonology-Based and Orthography-Based Typing
p254	Collective search on rugged landscapes: A cross-environmental analysis
p255	Three barriers to effective thought experiments, as revealed by a system that externalizes students' thinking
p256	Linguistic alignment with artificial entities in the context of second language acquisition
p257	Experience Representation of Artificial Cognitive System in Interaction with Real World
p258	Should moral decisions be different for human and artificial cognitive agents?
p259	Moral Judgments: Studying People with Helping Professions
p260	Partnering with Autonomous Vehicles
p261	Representing Sequence: The Influence of Timeline Axis and Direction on Causal Reasoning in Litigation Law
p262	Finding Clarity Amidst the Clutter: How Parents Name Objects
p263	The Role of the Prefrontal Cortex in Inductive Reasoning: An fNIRS Study
p264	Dual process theory of reasoning and recognition memory errors: Individual differences in a memory prose task
p265	Language acquisition as sparse foraging: mapping path-dependence in word acquisition
p266	On the adaptive nature of memory-based false belief
p267	Deconstructing the multi-dimensional Aha! experience
p268	The Influence of Religious Beliefs on False Memory of Fabricated Events
p269	Do Subliminal Hints Facilitate Sequential Planning When Solving a Spatial Insight Problem?
p270	Multimodal Object Recognition and Categorisation by Interactive Behaviours
p271	Heuristics in exploration: Distributional information is selectively used for active learning
p272	Curiosity and Its Influence on Children's Memory
p273	Measuring individual and developmental differences in children's sense of confidence
p274	Human Reinforcement Learning of Sequential Action
p275	Developmental Differences in Children's Statistical Learning Abilities
p276	Attention and the Development of Inductive Generalization: Evidence from Recognition Memory
p277	Pragmatic inference in definite and indefinite contexts
p278	Predicting Overprecision in Range Estimation
p279	Assessing children's reading comprehension by the component processes tasks
p280	Finger Gnosis Predicts Children's Numeracy, Despite Controlling for Visuo-Spatial Memory
p281	Infants' Developing Coordinated Visual-Manual Object Exploration and Links with Vocabulary Development
p282	Influences of Speaker-Listener Similarity on Shadowing and Comprehension
p283	Expressive faces are remembered with less pictorial fidelity than neutral faces
p284	What Determines Human Certainty?
p285	Time Course of Fidelity and Contributing Factors to Long-Term Memory
p286	Reflexive Spatial Attention to Goal Directed Reaching
p287	Comparing Predictive and Co-occurrence Based Models of Lexical Semantics Trained on Child-directed Speech
p288	Who should I tell? Young children correct and maintain others' beliefs about the self
p289	Exploring the Neural Mechanisms Supporting Structured Sequence Processing and Language Using Event-Related Potentials: Some Preliminary Findings
p290	A subject-object asymmetry in the online processing of 'only': evidence from eye-tracking
p291	The Relationship Between Inhibitory Control and Free Will Beliefs in 4-to 6-Year-Old-Children
p292	Distributed Cognition in the Past Progressive: Narratives as Representational Tools for Clinical Reasoning
p293	Using determiners as contextual cues in sentence comprehension:<span style="mso-spacerun:yes"> </span>A comparison between younger and older adults
p294	A shape-heavy vocabulary does not a shape bias make:<span style="mso-spacerun:yes"> </span>A comparison of the content of English-learning children's and Spanish-learning children's typical vocabularies
p295	Verifying who "jumped more" or "higher" in simple events
p296	The use of dispositional cues to causality in judgements of mechanical and living interactions
p297	The comprehension of English Garden-path sentences by Mandarin and Korean learners of English as a second language
p298	Lexicalization Typology of Realization Events in Mandarin Chinese
p299	Extending the Talmyan Typology: A Macro-event as Event Integration and Grammaticalization
p300	Discriminability of sound contrasts in the face of speaker variation quantified
p301	Auditory N1 Amplitude Varies Across Multiple Acoustic and Phonological Dimensions in Speech
p302	How Spatial Ability and Stress Impact Escape Path
p303	Effects of Working Memory Training on L2 Proficiency and<span style="mso-spacerun:yes"> </span>Working Memory Capacity
p304	Does GIScience Training Enhance Spatial Navigation Ability?
p305	Human-object interaction understanding without objects
p306	Singular Interpretations Linger During the Processing of Plural Noun Phrases
p307	Using Motor Dynamics to Explore Real-time Competition in Cross-situational Word Learning: Evidence From Two Novel Paradigms
p308	Spatial Attention to Social Cues is not a Monolithic Process
p309	The ON/IN scale of semantic extensions of adpositions: testing through artificial language learning
p310	Perception of math and non-math content in children's storybooks
p311	Modifying Cognitive Load Component Survey for K-12 STEM Testing
p312	Current Research in Cognitive Science at Educational Testing Service (ETS)
p313	Effects of Analogical Processing: Evidence for Re-representation
p314	Historical Semantics of Risk
p315	Inuence of 3D images and 3D-printed objects on spatial reasoning
p316	Do Open Specifier Positions at Clause Edges Alleviate Working Memory Load?
p317	A Tale of Two Disasters: Biases in Risk Communication
p318	Children consider others' expected costs and rewards when deciding what to teach
p319	Modeling category learning using a dual-system approach: A simulation of Shepard, Hovalnd and Jenkins (1961) by COVIS
p320	The St. Petersburg Paradox: A Subjective Probability Solution
p321	Creative Interaction with Blocks and Robots
p322	Individual Differences in the Acquisition of Strategies in a Complex Task
p323	Connections between ACT-R's declarative memory system and Minerva2
p324	Feature Overlap in Action Sequence
p325	Using Statistics to Learn Words and Grammatical Categories:<span style="mso-spacerun:yes"> </span>How High Frequency Words Assist Language Acquisition
p326	Do gestures serve an interpersonal function?
p327	Predictors of lexical stability in an artificially learnt language
p328	Representations of Entropy and of the Relations Same and Different Early in Human Development
p329	Forming spatial habits in the wild: Examining stabilization in classroom seating arrangements
p330	Is human learning driven by Prediction Error?
p331	The role of higher order relational structure in relational category label extension
p332	A concurrent task facilitates, not impedes, the heel-to-toe standing balance in children: The case of a dual-task benefit
p333	Analogies and Graphics can lead to Illusions of Understanding
p334	A Neural Model of Context Dependent Decision Making in the Prefrontal Cortex
p335	Thermodynamics and Cognition: Towards a Lawful Explanation of the Mind
p336	Relation between bimanual coordination and whole-body balancing on a slackline
p337	Gesture reveals spatial analogies during complex relational reasoning
p338	Biased Attention to Spatial Dimensions Predicts Children's Spatial Word Acquisition
p339	On Constancy in Spatial Perception
p340	Language and relational reasoning: Evidence from Korean
p341	How do Distributions of Item Sizes Affect the Precision and Bias in Representing Summary Statistics?
p342	Moral Social Media: Heavy Facebook Users Accept Harsher Moral Criticism for Microaggressions
p343	Explanatory Value, Probability, and Abductive Inference
p344	Predictions with Uncertain Categorization: A Rational Model
p345	A test of two models of probability judgment: quantum versus noisy probability
p346	Do Simple Probability Judgments Rely on Integer Approximation?
p347	On the Evaluability of Effort: Influences of Single and Joint Evaluation on Judgments of Subjective Effort in Memorial, Motor, and Perceptual Domains
p348	Critical Features of Joint Actions that Signal Human Interaction
p349	How should autonomous vehicles behave in moral dilemmas? Human judgments reflect abstract moral principles
p350	Explanatory Biases in Social Categorization
p351	Free-form response vs. yes/no-question methodologies in the study of human reasoning
p352	Generalisable patterns of gesture distinguish semantic categories in communication without language
p353	Memory-based decision making: Examining the relative influence experimental and pre-experimental exposure.
p354	Extracting Human Face Similarity Judgments: Pairs or Triplets?
p355	An experimental study on the observation of facts in explanation reconstruction
p356	Intensional Probability Judgments and Inclusion Fallacies With Generics
p357	Relative influence of anchoring and centering biases in reconstructive memory
p358	Structure-sensitive Noise Inference: Comprehenders Expect Exchange Errors
p359	Centering and the meaning of conditionals
p360	Multiple Systems for Modal Cognition
p361	Investigating Rational Analogy in the Spirit of John Stuart Mill:<span style="mso-spacerun:yes"> </span>Bayesian Analysis of Confidence about Inferences across Aligned Simple Systems
p362	Mandarin-English Bilinguals Match Lexical-Tone Processing to the Language Context
p363	Making it Right: Can the Right-Hemisphere Compensate for Language Function in Patients with Left-Frontal Brain Tumors?
p364	No Effect of Verbal Labels for the Shapes on Type II Categorization Tasks
p365	A normative theory of visual working memory limitations
p366	The construction of function representations
p367	Exploring the Relationship between Adolescents'<span style="mso-spacerun:yes"> </span>Interest in Algebra and Procedural Declines
p368	Attractivity Weighting: Take-the-Best's Foolproof Sibling
p369	Better safe than sorry: Risky function exploitation through safe optimization
p370	Effect of Aging on Inhibitory Attentional Mechanisms
p371	Speech Perception Across the Lifespan: Using a Gaussian Mixture Model to Understand Changes in Cue Weighting Between Younger and Older Adults
p372	An action dynamics study of the onset of prediction
p373	Searching large hypothesis spaces by asking questions
p374	Feature-based Joint Planning and Norm Learning in Collaborative Games
p375	A perspective on all cognition? A study of everyday environments from the perspective of distributed cognition
p376	Coalescing the Vapors of Human Experience into a Viable and Meaningful Comprehension
p377	The effect of loss and gain expression in the riddle on insight problem solving
p378	Neural Resonance Theory: Entrainment to Missing Pulse Rhythms
p379	In the nick of time: Using temporal cues to examine ongoing event representations
p380	Parsing Selective Attention and Executive Function in Children
p381	Explanation-based discourse inferences support early word learning
p382	On the psychological reality of linguistic event structures
p383	Mindfulness meditation as attention control training: A dual-blind investigation
p384	How event endstates are conceptualized in adults and infants
p385	Sex Differences in Mental Rotation Performance: The Self-fulfilling Prophecy of Gender Stereotypes
p386	Does Experience with Physics Concepts Improve Mental Rotation Performance?
p387	But vs. Although under the microscope
p388	Prediction of Single-Trial Behavior using a Layered Dynamic Systems Model with Evolutionary Algorithm Updating
p389	Bifurcation analysis of a Gradient Symbolic Computation model of incremental processing
p390	Neural bases of semantic-memory deficits for events
p391	A cognitive model of online event segmentation
p392	Attentional Enhancement at Event Boundaries
p393	Are children flexible speakers?<span style="mso-spacerun:yes"> </span>Effects of typicality and listener needs in children's event descriptions
p394	The role of viewpoint in event segmentation
p395	Discourse Analysis as a Solution to Interpretive Problems in Cognitive Development Research
p396	Monitoring the Level of Attention by Posture Measurement and EEG
p397	Filling in the gaps: Event segmentation is robust to missing information
p398	The Effect of Varying Problem Contexts on Learning Probability Rules
p399	Beyond the 64 Squares: Does Chess Instruction Enhance Children's Academic and Cognitive Skills? A Meta-Analysis
p400	Handedness and Mathematics: Toward a More Comprehensive Model
p401	Unifying Conflicting Perspectives in Group Activities: Roles of Minority Individuals
p402	The Role of Similarity in Constructive Memory: Evidence from Tasks with Children and Adults
p403	Are There Hidden Costs to Teaching Mathematics with Incorrect Examples?
p404	Generating Predictions Non-consciously: Evidence from Invisible Motion with and without Obstacles
p405	On the Tragedy of Personnel Evaluation
p406	Measuring lay theories of parenting and child development
p407	Scarcity captures attention and induces neglect: Eyetracking and behavioral evidence
p408	Choosing Poorly: Reward-Induced Strategy Shifts in Estimating the Probabilities of Conjunctions and Disjunctions
p409	Audio-Visual Task Switching in Multisensory Environments
p410	The Influence of Reputation Concerns and Social Biases on Children's Sharing Behavior
p411	Attentional Resource Allocation in Multisensory Processing is Task-dependent
p412	What Were They Thinking? Diagnostic Coding of Conceptual Errors in a Mathematics Learning Software Data Archive
p413	Surprising blindness to conversational incoherence in both instant-messaging and face-to-face speech
p414	The impact of biased hypothesis generation on self-directed learning
p415	Salience versus prior knowledge - how do children learn rules?
p416	A Hierarchical Probabilistic Language-of-Thought Model of Human Visual Concept Learning
p417	A Dynamic Neural Field Model of Speech Cue Compensation
p418	Which Learning Algorithms Can Generalize Identity-Based Rules to Novel Inputs?
p419	Temporal event clustering in speech versus music
p420	Causal Representation in Foresight: Can We Improve Memory and Novel Understanding?
p421	Process of visual input does not decide the accuracy imitation performance
p422	Hysteresis in Processing of Perceptual Ambiguity on Three Different Timescales
p423	Effects of experience in a developmental model of reading
p424	He will try to learn it because he doesn't know it. Young children's understanding of learning based on their knowledge states
p425	Emotions in lay explanations of behavior
p426	Young children and adults integrate past expectations and current outcomes to reason about others' emotions
p427	Modeling Impairments in Lexical Development
p428	Predicting Decision in Human-Agent Negotiation using functional MRI
p429	Dissociable effects of cue validity on bias formation and reversal
p430	Individual differences in verbalization predict change detection performance: A new perspective on the language-thought debate
p431	Examining Search Processes in Low and High Creative Individuals with Random Walks
p432	Developmentally plausible learning of word categories from distributional statistics
p433	Simulating Developmental Changes in Noun Richness through<span style="mso-spacerun:yes"> </span>Performance-limited Distributional Analysis
p434	Sign languages reveal spatial mappings of valence and magnitude
p435	Emergence of Euclidean geometrical intuitions in hierarchical generative models
p436	Rapid emotion discrimination in the infant brain
p437	A neural network model of hierarchical category development
p438	Implicit Emotional Priming of Traumatic Events: The Effects of Semantic Level and Emotional Activation
p439	Using a smartphone game to promote transfer of skills in a real world environment
p440	Event comprehension and memory in the predictive brain
p441	TBD
p442	TBD
p443	TBD
p444	TBD
p445	TBD
p446	TBD
p447	Visual narratives and converging evidence
p448	Understanding the moment-to-moment processing of sequential narratives
p449	Visual vs. Linguistic Narratives in individuals with Autism
p450	Could any real person look as despondent as Charlie Brown?
p451	Degeneracy results in canalisation of language structure: A computational model of word learning
p452	A performance model for early word learning
p453	The Interaction of Memory and Attention in Novel Word Generalization: A Computational Investigation
p454	Allocation of attention during auditory word learning
p455	Asking and evaluating natural language questions
p456	A Framework for Evaluating Speech Representations
p457	Training prospective abilities through conversation about the extended self
p458	Processing Consequences of Onomatopoeic Iconicity in Spoken Language Comprehension
p459	Stop paying attention: the need for explicit stopping in inhibitory control
p460	Don't Blink! Evaluating Training Paradigms for Overcoming the Attentional Blink
p461	Can Musical Engagement Alleviate Age-Related Decline in Inhibitory Control?
p462	Effects of Auditory Input on a Spatial Serial Response Time Task
p463	Modeling Triage Decision Making
p464	Modeling sampling duration in decisions from experience
p465	Temporal Horizons and Decision-Making: A Big Data Approach
p466	Process Modeling of Qualitative Decision Under Uncertainty
p467	Coordinate to cooperate or compete: Abstract goals and joint intentions in social interaction
p468	Contextual Events and Their Role in a Two-Choice Joint Simon Task
p469	Using Violations of Fitts' Law to Communicate during Joint Action
p470	Quantifying Joint Activities using Cross-Recurrence Block Representation
p471	How people differ in syllogistic reasoning
p472	Inferring Individual Differences Between and Within Exemplar and Decision-Bound Models of Categorization
p473	Memory for exemplars in category learning
p474	Episodic memory as a prerequisite for online updates of model structure
p475	Strategic search in semantic memory
p476	Systems Factorial Analysis of Item and Associative Retrieval
p477	A Dream Model: Reactivation and Re-encoding Mechanisms for Sleep-dependent Memory Consolidation
p478	An Ecological Model of Memory and Inferences
p479	Event participants and linguistic arguments
p480	Can the High-Level Semantics of a Scene be Preserved in the Low-Level Visual Features of that Scene? A Study of Disorder and Naturalness
p481	A Comparative Evaluation of Approximate Probabilistic Simulation and Deep Neural Networks as Accounts of Human Physical Scene Understanding
p482	Visualizing Events: Simulating Meaning in Language
p483	Communicating generalizations about events
p484	Definitely maybe and possibly even probably: efficient communication of higher-order uncertainty
p485	How Does Generic Language Elicit Essentialist Beliefs?
p486	Extended Metaphors are Very Persuasive
p487	Compression and communication in the cultural evolution of linguistic structure
p488	Adaptive group coordination and role differentiation
p489	The emergence of conventions in real-time environments
p490	Effects of inductive biases in iterated learning and coordination
p491	Conflict-based regulation of control in language production
p492	Connectionist Semantic Systematicity in Language Production
p493	Testing the Tolerance Principle: Children form productive rules when it is more computationally efficient to do so
p494	Syntactic Flexibility in the Noun: Evidence from Picture Naming
p495	Reading experience shapes the mental timeline but not the mental number line
p496	Putting the "th" in Tenths: The Role of Labeling Decimals in Revealing Place Value Structure
p497	Does Chess Instruction Enhance Mathematical Ability in Children? A Three-Group Design to Control for Placebo Effects
p498	Improving with Practice: A Neural Model of Mathematical Development
p499	Weaving an ambiguous lexicon
p500	Deep linear neural networks: A theory of learning in the brain and mind
p501	Observing and influencing preferences in time
p502	An empirical investigation of the evolutionary and ontogenetic roots of trust
p503	Toxic beliefs
p504	Discarding causal misattributions with abstract causal knowledge
p505	Redefining negotiation problems to form creative agreements
p506	Generalization of within-category feature correlations
p507	Do additional features help or harm during category learning? An exploration of the curse of dimensionality in human learners
p508	Switch it up: Learning Categories via Feature Switching
p509	Variability in category learning: The Effect of Context Change and Item Variation on Knowledge Generalization
p510	Spatial Memory and Foraging: How Perfect Spatial Memory Improves Foraging Performance
p511	Spatial Interference and Individual Differences in Looking at Nothing for Verbal Memory
p512	Deciding to Remember: Memory Maintenance as a Markov Decision Process
p513	Measuring and modeling distraction by self-referential processing in a complex working memory span task
p514	TBD
p515	Putting the action back into infant cognition
p516	TBD
p517	TBD
p518	TBD
p519	TBD
p520	General Mechanisms Underlying Language and Spatial Cognitive Development
p521	The Pragmatics of Spatial Language
p522	Systematic feature variation underlies adults' and children's use of in and on
p523	Verbalizing navigation: Explicit and implicit concepts
p524	Grammatical Bracketing Determines Learning of Non-adjacent Dependencies
p525	Linguistic Priming and Learning Adjacent and Non-Adjacent Dependencies in Serial Reaction Time Tasks
p526	Analyzing distributional learning of phonemic categories in unsupervised deep neural networks
p527	Statistical Learning of Prosodic Patterns and Reversal of Perceptual Cues for Sentence Prominence
p528	Talking with tact: Polite language as a balance between informativity and kindness
p529	Distinguishing processing difficulties in inhibition, implicature, and negation
p530	A speed-accuracy trade-off in children's processing of scalar implicatures
p531	Learning biases may prevent lexicalization of pragmatic inferences: a case study combining iterated (Bayesian) learning and functional selection
p532	Two Potential Mechanisms Underlying the Link between Approximate Number Representations and Symbolic Math in Preschool Children
p533	A 6-month longitudinal study on numerical estimation in preschoolers
p534	Children learn non-exact number word meanings first
p535	Do Do Do, The The The: Interactivity and Articulatory Suppression in Mental Arithmetic
p536	Understanding "almost": Empirical and computational studies of near misses
p537	Perceived Momentum Influences Responsibility Judgments
p538	When are representations of causal events quantum versus classical?
p539	A model of conditional probability judgment
p540	Shakers and Maracas: Action-Based Categorisation Choices in Triads Are Influenced by Task Instructions
p541	There is more to gesture than meets the eye: Visual attention to gesture's referents cannot account for its facilitative effects during math instruction
p542	Temporal Expressions in Speech and Gesture
p543	Effects of Gesture on Analogical Problem Solving: When the Hands Lead you Astray
p544	Towards a Cognitively Realistic Representation of Word Associations
p545	From Words to Behaviour via Semantic Networks
p546	The Structure of Names in Memory: Deviations from Uniform Entropy Impair Memory for Linguistic Sequences
p547	N400 amplitudes reflect change in a probabilistic representation of meaning: Evidence from a connectionist model
p548	Simple trees in complex forests: Growing Take The Best by Approximate Bayesian Computation
p549	Cognitive Strategies in HCI and Their Implications on User Error
p550	Transfer of Cognitive Skills in Developmental Tasks
p551	Controlled vs. Automatic Processing: A Graph-Theoretic Approach to the Analysis of Serial vs. Parallel Processing in Neural Network Architectures
p552	Extraction of Event Roles From Visual Scenes is Rapid, Automatic, and Interacts with Higher-Level Visual Processing
p553	Learning Behavior-Grounded Event Segmentations
p554	Specificity at the basic level in event taxonomies: The case of Maniq verbs of ingestion
p555	Vector Space Semantic Models Predict Subjective Probability Judgments for Real-World Events
p556	Modeling developmental and linguistic relativity effects in color term acquisition
p557	A computational investigation of the Sapir-Whorf hypothesis: The case of spatial relations
p558	Do classifier categories affect or reflect object concepts?
p559	Left-right mental timeline is robust to visuospatial and verbal interference
p560	Cross-linguistic similarities aid third language learning in bilinguals
p561	Statistical learning bias predicts second-language reading efficiency
p562	L2 Idiom Processing: Figurative Attunement in Highly Idiomatic Contexts
p563	Learning Non-Adjacent Dependencies in Continuous Presentation of an Artificial Language
p564	Combining Multiple Perspectives in Language Production: A Probabilistic Model
p565	Conversational expectations account for apparent limits on theory of mind use
p566	Animal, dog, or dalmatian? Level of abstraction in nominal referring expressions
p567	Bayesian Pronoun Interpretation in Mandarin Chinese
p568	The Relationship Between the Numerical Distance Effect and Approximate Number System Acuity is Non-Linear
p569	An Information-Processing Account of Representation Change: International Mathematical Olympiad Problems are Hard not only for Humans
p570	Learning that numbers are the same, while learning that they are different
p571	Solving the knowledge-behavior gap: Numerical cognition explains age-related changes in fairness
p572	Varieties of experience: A new look at folk philosophy of mind
p573	Think Fast! Mental-state Language is Related to the Speed of False-belief Reasoning in Adulthood
p574	Recursive belief manipulation and second-order false-beliefs
p575	The Determinants of Knowability
p576	Boredom, Information-Seeking and Exploration
p577	The distorting effect of deciding to stop sampling
p578	When does passive learning improve the effectiveness of active learning?
p579	Measuring Interest in Science: The Science Curiosity Scale
p580	Introduction: Revisiting The Bridge Too Far
p581	Brain Substrates for Complex Learning
p582	Using Brain Reading to Understand Concept Learning in Educational Contexts
p583	Cortical Models of Brain Function
p584	Bridges from Brain Science to Reading: Some Key Ingredients of a Direct Translation
p585	How Can Brain Research Inform Academic Learning and Instruction?
p586	Discussant
p587	A Computational Model of Perceptual Deficits in Medial Temporal Lobe Amnesia
p588	Experience as a Free Parameter in the Cognitive Modeling of Language
p589	The mismeasurement of mind: How neuropsychological testing creates a false picture of cognitive aging
p590	A Bayesian Metric for Network Similarity
p591	tDCS to Premotor Cortex Changes Action Verb Understanding: Complementary Effects of Inhibitory and Excitatory Stimulation
p592	Sequential images are not universal, or Caveats for using visual narratives in experimental tasks
p593	First things first? Top-down influences on event apprehension
p594	Working memory encoding of events and their participants: a neural network model with applications in sensorimotor processing and sentence generation
p595	When the Words Don't Matter: Arbitrary labels improve categorical alignment through the anchoring of categories
p596	Learning in the wild - how labels influence what we learn
p597	The Sapir-Whorf Hypothesis and Probabilistic Inference: Evidence from the Domain of Color
p598	Which is in front of Chinese people: Past or Future? A study on Chinese people's space-time mapping
p599	How young children construct the lexicon as a connected system: The case of color names
p600	Early inexact meanings of number words
p601	The gradual development of childrens understanding of emotion labels<span style="mso-spacerun:yes"></span>
p602	Do children use biomechanical structure to constrain hypotheses about locomotion word meaning?<span style="mso-spacerun:yes"></span>
p603	Conceptual structure and the semantics of time words
p604	Examining Referential Uncertainty in Naturalistic Contexts from the Child's View: Evidence from an Eye-Tracking Study with Infants
p605	Tit-for-Tat: Effects of Feedback and Speaker Reliability on Listener Comprehension Effort
p606	What do you expect from an unfamiliar talker?
p607	Listener sensitivity to foreign-accented speech with grammatical errors
p608	When to Block versus Interleave Practice? Evidence Against Teaching Fraction Addition before Fraction Multiplication
p609	The Effects of Gender Stereotypes for Structure Mapping in Mathematics
p610	The Relational SNARC: Spatial Representation of Nonsymbolic Ratios?
p611	College Students' Understanding of Linear Functions: Slope is Slippery
p612	The Naive Utility Calculus unifies spatial and statistical routes to preference
p613	Know Your Enemy: Applying Cognitive Modeling in Security Domain
p614	Inferring priors in compositional cognitive models
p615	Is the Self-Concept like Other Concepts? The Causal Structure of Identity
p616	Natural science: Active learning in dynamic physical microworlds
p617	Information-Seeking, Learning and the Marginal Value Theorem: A Normative Approach to Adaptive Exploration
p618	On the Link between Fact Learning and General Cognitive Ability
p619	Facilitating Spatial Task Learning in Interactive Multimedia Environments While Accounting for Individual Differences and Task Difficulty
p620	Examining the specificity of the seductive allure effect
p621	From low to high cognition: A multi-level model of behavioral control in the primate brain
p622	Cognition without behaviour: Cognitive functions in behaviourally non-responsive individuals
p623	A Neural Field Model of Word Repetition Effects in Early Time-Course ERPs in Spoken Word Perception
p624	Welcoming Comments
p625	Let's see what happens: Dynamic events as foundational units of perception and cognition
p626	TBD
p627	TBD
p628	TBD
p629	TBD
p630	Simpler structure for more informative words: a longitudinal study
p631	Evolution of polysemous word senses from metaphorical mappings
p632	Synthesized size-sound sound-symbolism
p633	Deconstructing "tomorrow": How children learn the semantics of time
p634	The Contributions of Emerging Learning Systems to Implicit and Explicit Statistical Learning in Early Development
p635	A Single Paradigm for Implicit and Statistical Learning
p636	Toward a Unifying Framework for Implicit Learning and Statistical Learning<span style="mso-spacerun:yes"></span>
p637	Implicit Learning of Phonotactic Distributions in Language Production
p638	Language Evolution in the Lab: The Case of Child Learners
p639	Cultural Evolution Across Domains: Language, Technology and Art
p640	Cognitive biases and social coordination in the emergence of temporal language
p641	Alien species and alienable traits: An artificial language game investigating the spread of cultural variants between antagonistic groups
p642	What do we learn from rating metaphors?
p643	Performance Pressure and Comparison in Relational Category Learning
p644	Abstraction in time: Finding hierarchical linguistic structure in a model of relational processing
p645	The paradox of relational development: Could language learning be (temporarily) harmful?
p646	Probabilistic Simulation Predicts Human Performance on Viscous Fluid-Pouring Problem
p647	The Influence of Group Interaction on Creativity in Engineering Design
p648	Using Subgoal Learning and Self-Explanation to Improve Programming Education
p649	An Architectural Account of Variation in Problem Solving and Execution
p650	Children's Awareness of Authority to Change Rules in Various Social Contexts
p651	Outcome or Strategy? A Bayesian Model of Intelligence Attribution
p652	Not all overlaps are equal: Social affiliation and rare overlaps of preferences
p653	What does the crowd believe? A hierarchical approach to estimating subjective beliefs from empirical data
p654	Probability Prediction in Children with ASD
p655	Intermediate Judgments Inhibit Belief Updating: Zeno's Paradox in Decision Making
p656	Task-set Selection in Probabilistic Environments: a Model of Task-set Inference
p657	The Description-Experience Gap in Risky Choice Framing
p658	A Neural Dynamic Model Parses Object-Oriented Actions
p659	Examining Cardiac and Behavioral Responses in a Modality Dominance Task
p660	A scaleable spiking neural model of action planning
p661	Benefiting from Being Alike: Interindividual Skill Differences Predict Collective Benefit in Joint Object Control
p662	Intuitive iconicity for events and objects
p663	Object : substance :: event : process
p664	Countability in eventualities and beyond
p665	Thematic relations in different views of meaning
p666	Inductive Ethics: A Bottom-Up Taxonomy of the Moral Domain
p667	U-INVITE: Estimating Individual Semantic Networks from Fluency Data
p668	Grounded Distributional Semantics for Abstract Words
p669	Leveling the Field: Talking Levels in Cognitive Science
p670	From uh-oh to tomorrow: Predicting age of acquisition for early words across languages
p671	Dynamical systems modeling of the child--mother dyad: Causality between child-directed language complexity and language development
p672	Statistical Learning Ability Can Overcome the Negative Impact of Low Socioeconomic Status on Language Development
p673	More than Words: The Many Ways Extended Discourse Facilitates Word Learning
p674	Linguistic Signatures of Cognitive Processes during Writing
p675	Cohesive Features of Deep Text Comprehension Processes
p676	Construal level affects intuitive moral responses to narrative content
p677	The Permeability of Fictional Worlds
p678	Integrating identification and perception: A case study of familiar and unfamiliar face processing
p679	Exploring the Cost Function in Color Perception and Memory: An Information-Theoretic Model of Categorical Effects in Color Matching
p680	Modeling the Visual Word Form Area Using a Deep Convolutional Neural Network
p681	Inattentional Blindness in a Coupled Perceptual--Cognitive System
p682	Fractal Scaling and Implicit Bias: A Conceptual Replication of Correll (2008)
p683	A Nonlinear Dynamical Systems Theory Perspective on Dual-Processing Accounts of Decision-Making under Uncertainty
p684	Balancing Structural and Temporal Constraints in Multitasking Contexts
p685	Helping people make better decisions using optimal gamification
p686	Curiosity-Driven Development of Tool Use Precursors: a Computational Model
p687	Desirable difficulties in the development of active inquiry skills
p688	The Impact of Granularity on the Effectiveness of Students' Pedagogical Decisions
p689	Active control of study leads to improved episodic memory in children
p690	Decision-Making and Biases in Causal-Explanatory Reasoning
p691	Beyond Markov: Accounting for Independence Violations in Causal Reasoning
p692	What Causal Illusions Might Tell us About the Identification of Causes
p693	Answering Causal Queries about Singular Cases
p694	Physics
p695	Neuroanatomy
p696	Biology
p697	Chemistry
p698	Prediction Around Event Boundaries During Continuous Viewing of Naturalistic Activity
p699	The Effect of Action Priming on Childrens Event Memory
p700	Higher-Level Goals Structure Childrens Action Memory
p701	On the Acquisition of Goal Hierarchies: A Computational Model
p702	Conventionality, Relationality and Aptness in Figurative Language Processing
p703	Introducing Deliberate Metaphor Theory
p704	Modeling figurative communication
p705	Metaphor and the human creative potential
p706	Linguistic input is tuned to children's developmental level
p707	Active Overhearing: Development in Preschoolers' Skill at "Listening in" to Naturalistic Overheard Speech
p708	Lexical Complexity of Child-Directed and Overheard Speech: Implications for Learning
p709	The Influence of Language-specific Auditory Cues on the Learnability of Center-embedded Recursion
p710	Between versus Within-Language Differences in Linguistic Categorization
p711	A cross-linguistic investigation on the acquisition of complex numerals
p712	Chinese and English speakers' neural representations of word meaning offer a different picture of cross-language semantics than corpus and behavioral measures
p713	Context, but not proficiency, moderates the effects of metaphor framing: A case study in India
p714	Active Viewing in Toddlers Facilitates Visual Object Learning: An Egocentric Vision Approach
p715	A 3D shape inference model matches human visual object similarity judgments better than deep convolutional neural networks
p716	Adapting Deep Network Features to Capture Psychological Representations
p717	Variable Precision Models of Visual Working Memory
p718	Noisy Parameters in Risky Choice
p719	Working Memory Affects Attention to Loss Value and Loss Frequency in Decision-Making under Uncertainty
p720	The development of heuristics in children: Base-rate neglect and representativeness
p721	Adults' guesses on probabilistic tasks reveal incremental representativeness biases
p722	Prerequisites of Cumulative Culture in Laboratory Studies of Cultural Evolution
p723	Language Evolution as Cultural Evolution
p724	The Cultural Evolution of Linguistic Structure
p725	Literacy as Cognitive Change Emerging from Material Engagement
p726	Puzzles in the Evolution of Numerical Cognition
p727	Are Symptom Clusters Explanatory? A Study in Mental Disorders and Non-Causal Explanation
p728	Stable Causal Relationships are Better Causal Relationships
p729	The Plausible Impossible: Causal Constraints on Magical Reasoning
p730	Implicit measurement of motivated causal attribution
p731	Environmental Orientation Affects Emotional Expression Identification
p732	Emotional influences on time perception
p733	The Effect of Emotion and Induced Arousal on Numerical Processing
p734	Neurophysiological Effects of Negotiation Framing